VehicleAge,Mileage,BatteryVoltage,Temperature,Humidity,WarningEvents,CrashHistory,SensorVoltage,ECUHealth,MaintenanceRequired
7,151867,12.74,25,80,4,2,4.17,72,1
11,92498,12.63,18,43,2,1,3.58,73,1
12,69925,11.78,42,40,0,3,4.42,93,1
9,135608,12.18,45,61,7,3,4.96,64,1
14,134981,12.52,33,74,3,3,4.2,86,1
3,46606,11.72,21,37,3,0,4.95,99,0
10,159969,11.63,34,79,6,3,4.24,96,1
3,85077,12.01,32,23,1,1,4.28,91,0
4,176829,11.54,32,63,1,1,4.84,63,1
15,16534,11.62,37,81,7,0,4.08,67,1
15,14268,12.26,39,79,3,0,3.71,64,1
13,119752,11.52,23,20,3,3,3.51,60,1
3,44504,12.42,17,52,2,0,4.89,90,0
12,27662,12.61,26,53,0,3,4.06,73,1
5,199407,11.86,17,84,2,0,4.96,52,1
1,103806,12.5,21,46,0,2,4.14,91,0
12,186708,11.76,21,71,4,3,4.54,86,1
7,192116,12.2,43,55,4,3,4.4,100,1
6,158371,12.71,27,81,0,0,4.81,77,0
12,30939,12.66,25,81,0,0,3.84,62,1
9,145546,11.51,22,46,0,1,3.83,100,1
10,132659,11.82,41,51,7,3,4.55,98,1
14,182648,11.83,26,58,1,2,3.95,98,1
8,98264,11.85,16,21,3,1,3.55,81,0
1,60680,11.81,16,72,3,1,4.98,81,0
7,75467,11.61,38,36,6,1,4.05,83,1
6,94045,12.2,30,35,0,0,3.98,55,0
13,96906,12.27,41,55,2,1,4.27,68,0
4,138983,11.63,23,52,7,3,4.28,89,1
1,137874,11.94,39,69,6,2,4.82,84,1
7,51843,11.73,30,79,0,1,4.99,61,0
5,122796,12.65,37,28,0,2,4.55,65,1
3,9499,12.65,38,52,7,3,3.63,57,1
4,189423,12.29,17,44,4,1,3.74,67,1
2,7869,12.08,43,60,3,0,3.53,63,0
5,140059,11.98,22,26,2,0,3.96,97,1
12,112450,11.98,37,41,5,1,4.96,94,1
3,81213,12.68,41,40,5,0,4.37,82,0
5,98179,12.44,33,23,2,3,4.47,66,0
12,129123,12.11,28,25,2,3,3.52,73,1
13,101752,12.22,45,79,0,3,3.94,70,1
7,186408,11.91,32,44,1,2,4.77,52,1
8,187957,11.63,29,42,1,2,4.28,51,1
10,163823,12.41,25,67,6,0,3.94,75,1
3,187065,12.63,27,79,1,2,4.25,94,0
4,7368,11.59,28,35,5,3,4.83,64,1
12,37097,11.62,37,82,5,2,4.2,71,1
10,192733,11.83,24,89,6,1,4.31,86,1
1,155580,11.85,26,24,6,3,4.76,81,1
4,168165,12.2,37,59,3,3,4.96,91,0
14,91672,12.02,33,77,6,1,3.54,72,1
15,105235,12.03,40,20,6,1,3.86,97,1
9,181615,12.71,15,35,4,2,4.49,54,1
6,195710,11.56,40,35,2,0,3.68,78,1
14,14435,11.56,31,81,3,0,4.21,75,0
10,171319,12.55,18,52,5,1,4.47,59,1
6,103116,12.65,34,29,1,2,4.25,50,0
8,14540,12.39,30,43,7,2,4.92,77,0
11,154143,12.38,17,52,0,0,4.32,86,0
12,43304,12.35,25,63,4,0,3.82,95,1
2,102532,11.62,17,27,4,1,4.52,83,0
3,25358,11.65,35,48,7,3,4.13,85,1
10,43756,12.48,17,68,2,3,3.69,98,1
7,170983,11.94,44,56,3,0,4.52,72,1
9,73450,11.63,31,81,3,3,4.08,62,1
11,44954,12.01,26,80,0,2,3.64,56,1
12,56934,12.74,33,35,4,0,3.94,74,1
4,147202,11.78,35,42,7,0,3.67,91,1
10,16174,12.79,40,24,2,2,4.32,60,1
2,108150,11.69,24,77,3,0,3.65,56,1
14,182804,11.79,23,69,2,1,3.72,78,1
5,59693,12.78,30,84,5,3,3.86,56,1
9,137396,12.48,20,50,2,0,4.07,88,1
11,30289,12.68,21,86,4,0,4.11,69,1
12,193871,11.65,23,58,0,2,4.38,98,1
9,38591,12.19,35,25,1,3,4.97,94,0
13,133148,11.56,35,55,2,2,4.95,67,1
15,22640,11.78,29,50,0,0,4.55,52,1
7,160576,12.69,24,35,7,1,4.18,77,1
5,165775,11.72,18,27,1,3,4.38,77,1
5,132016,11.84,41,82,0,0,3.96,69,1
13,171619,11.85,27,65,2,0,4.91,100,1
5,55990,12.69,24,75,5,1,4.33,54,0
7,6015,11.99,15,37,7,2,3.73,70,1
10,140230,12.01,41,46,0,0,3.6,90,1
3,13702,11.86,30,74,5,3,4.72,80,1
5,85642,12.22,19,72,4,1,4.77,66,0
5,192469,11.77,15,70,4,0,3.81,50,1
1,181615,12.3,42,58,1,1,4.28,52,0
11,168121,12.61,36,24,5,1,4.69,66,1
15,155830,12.05,19,33,1,2,3.82,87,1
12,11949,12.29,32,49,6,2,3.64,83,1
4,99456,12.17,38,49,6,1,4.79,54,0
13,175883,12.1,31,36,3,3,4.19,83,1
6,19388,11.95,44,62,7,2,3.61,72,1
7,142162,11.68,22,23,7,3,4.02,52,1
3,169506,12.37,32,80,1,2,3.56,54,1
2,116195,11.95,36,40,5,0,4.3,61,1
10,56745,11.67,40,64,2,0,3.64,96,1
9,179293,11.61,44,82,7,0,3.5,85,1
1,195471,12.47,43,71,6,2,4.06,71,1
14,132449,12.49,28,21,4,1,3.56,100,1
7,141194,12.66,28,37,1,1,4.3,64,0
9,174590,11.99,24,58,0,0,3.82,75,1
14,52915,11.8,27,44,3,1,4.68,94,0
2,31734,12.26,36,53,6,3,4.38,93,0
3,105776,11.94,34,45,7,1,3.87,94,1
6,8812,12.71,35,41,4,1,4.05,97,0
4,192210,11.61,44,43,6,0,3.62,100,1
15,9324,12.78,45,25,1,3,4.95,53,1
15,136189,11.84,38,70,5,0,4.58,60,1
8,51514,12.59,19,89,1,1,4.57,69,0
1,181659,11.82,29,20,1,1,3.93,86,1
14,25618,12.71,27,22,0,1,4.0,59,1
5,92958,12.21,16,32,7,1,3.63,86,0
9,155288,11.65,29,43,5,2,4.69,80,1
1,88524,12.58,26,69,5,0,4.6,58,0
2,89555,11.99,15,59,7,1,3.57,78,1
8,177904,12.48,42,49,2,0,3.78,68,1
11,136149,12.18,18,61,0,1,4.72,88,0
8,44711,12.1,20,42,6,2,4.37,66,1
1,16246,12.0,28,72,7,3,4.44,100,0
6,59917,11.93,33,61,7,3,4.69,78,1
1,64379,12.46,41,55,4,1,4.63,86,0
11,7336,11.54,36,85,1,0,4.82,82,0
6,130733,12.2,29,71,7,2,4.7,54,1
13,19382,12.03,27,21,2,2,4.4,85,0
4,129714,12.28,34,30,5,1,4.01,55,1
8,60318,12.1,28,31,1,0,3.71,67,0
9,151400,11.52,42,62,3,3,4.35,53,1
5,65279,11.53,45,50,1,0,4.14,78,0
14,180399,12.59,25,42,0,1,3.85,75,1
14,183595,11.66,39,20,6,1,4.28,89,1
15,73244,11.99,35,28,1,3,4.68,75,1
9,45738,12.02,39,57,1,2,4.02,83,1
11,41368,12.26,41,70,5,3,4.37,55,1
5,51240,11.97,45,41,1,3,3.82,98,1
7,75480,12.75,31,39,5,1,3.63,89,0
1,156878,12.27,27,70,2,3,4.85,81,0
14,64676,12.31,43,49,7,3,4.38,50,1
14,43258,12.09,16,57,2,2,3.65,57,1
13,17342,12.73,24,53,3,0,3.54,77,0
2,114575,11.54,37,86,7,2,4.51,57,1
6,167552,12.54,17,70,0,3,3.86,83,1
3,39911,12.79,38,65,2,3,4.1,86,0
6,126300,12.03,37,67,1,2,4.45,82,0
7,196572,11.53,43,38,3,0,4.13,51,1
1,28236,11.94,24,21,2,2,3.55,69,1
5,169644,12.03,44,28,1,0,3.94,71,1
12,166047,11.65,44,78,5,2,4.7,66,1
2,40954,12.17,23,59,1,0,4.1,58,0
6,153757,12.59,18,45,1,0,3.76,72,1
5,86994,12.57,35,61,3,0,3.91,66,0
5,126829,12.58,37,46,0,2,4.81,89,0
2,182900,12.36,21,29,4,0,4.13,77,1
14,172469,11.56,42,73,2,0,3.62,85,1
3,58276,12.01,22,30,7,3,4.58,88,0
8,121021,12.12,29,43,5,1,4.6,82,0
10,119130,12.27,25,81,2,0,3.73,58,1
10,137596,11.95,22,36,0,0,4.56,89,1
10,115616,11.82,17,63,2,1,3.51,61,1
3,96748,11.62,41,68,4,0,4.93,98,0
15,156563,12.2,38,27,6,0,4.64,86,1
6,110423,12.6,39,31,6,2,4.98,94,0
10,164007,12.42,21,36,6,1,4.35,56,1
14,173270,12.41,23,67,7,1,4.13,78,1
2,41062,12.62,21,37,2,1,4.47,63,0
15,57375,11.8,42,64,1,2,4.54,89,1
10,156734,12.03,21,34,7,0,4.31,71,1
9,12564,12.31,30,61,3,1,4.13,84,0
10,130341,11.5,27,32,1,3,4.9,88,1
14,21371,11.57,31,81,4,3,4.44,93,1
15,146688,12.5,39,24,0,1,3.51,94,1
14,29951,11.87,18,37,5,0,3.56,50,1
5,171472,11.64,39,87,3,2,4.92,86,1
11,173645,12.78,45,65,7,2,4.86,83,1
9,29262,12.79,41,39,4,2,3.85,100,1
13,170229,11.8,16,76,1,0,3.78,52,1
8,123533,12.54,36,66,6,0,4.28,69,1
10,35448,11.73,24,54,1,1,4.54,73,1
3,164903,12.1,27,87,5,0,3.64,90,1
8,159946,11.85,43,28,2,0,4.78,91,0
9,51542,12.35,19,30,2,1,4.11,64,1
6,157826,12.44,40,37,5,0,3.83,62,1
12,90956,12.79,32,59,4,3,4.27,100,1
10,133322,11.95,16,59,2,0,3.9,55,1
8,12314,12.63,42,78,2,3,4.56,92,0
13,102624,12.71,18,82,2,1,3.78,54,1
11,54708,12.63,33,50,6,1,3.69,92,1
5,172581,12.68,32,21,5,0,4.26,88,0
2,196533,11.92,23,36,7,2,4.07,73,1
13,137079,11.64,44,90,1,0,4.94,77,1
12,96357,12.48,36,87,3,3,4.66,53,1
11,186264,12.5,31,29,5,0,3.59,67,1
2,159893,12.77,43,55,2,2,4.39,61,1
7,62372,11.53,20,51,2,2,4.52,75,0
2,31029,12.11,18,32,0,2,4.29,78,0
13,153554,11.79,16,66,5,3,4.48,76,1
3,180485,11.7,42,40,6,3,4.79,69,1
6,104986,11.86,17,20,1,3,4.59,83,0
13,184362,11.54,39,43,3,1,4.8,65,1
11,26563,11.74,31,72,7,2,4.18,99,1
4,175182,12.31,26,72,7,3,4.95,69,1
14,5526,12.13,28,90,0,1,4.53,85,0
9,109101,11.79,42,82,5,1,3.99,51,1
8,87503,11.9,27,40,1,1,4.09,95,0
15,198118,12.44,25,64,0,0,4.93,90,0
8,186002,12.12,38,60,0,3,4.98,81,0
15,101347,12.41,24,59,7,1,3.99,51,1
1,163496,12.65,44,52,4,3,4.04,88,1
2,159470,11.76,40,34,1,1,3.75,98,1
8,76626,11.66,41,25,0,1,4.42,80,0
9,69881,12.72,22,69,3,1,4.68,96,0
11,105734,11.6,34,23,5,1,4.68,52,1
15,157360,11.71,28,31,6,3,3.74,94,1
3,162817,11.93,28,64,7,0,4.68,81,1
3,25049,11.53,33,41,4,3,4.31,52,1
12,84561,12.02,43,73,6,2,3.89,61,1
1,117340,12.45,43,43,3,0,4.02,93,0
14,175515,12.16,32,68,2,3,4.38,83,1
4,48585,12.28,18,25,6,1,4.99,61,0
3,184436,12.11,35,34,0,2,4.66,85,0
14,147633,11.81,28,21,6,0,4.78,94,1
9,171205,11.63,43,33,7,2,4.04,51,1
7,50893,12.35,39,47,1,2,4.49,50,0
8,91475,11.67,27,42,6,2,3.85,52,1
6,87189,11.93,43,29,3,1,3.72,54,1
4,84530,12.73,39,83,5,3,4.07,92,1
5,187958,12.36,19,68,0,3,4.71,77,0
15,154381,11.77,43,39,1,1,3.59,86,1
4,5281,11.55,37,54,5,0,4.9,54,1
1,145272,12.26,26,39,4,1,4.95,92,0
14,131945,11.92,43,76,6,2,3.88,92,1
2,14110,12.37,34,42,7,1,3.96,65,1
2,48753,12.45,22,20,6,3,3.73,87,1
5,129398,11.73,16,84,6,2,4.92,59,1
14,191481,11.82,40,27,6,3,4.65,76,1
8,173280,12.4,15,20,2,2,4.49,97,0
5,163056,11.64,42,85,1,3,3.57,58,1
1,116279,12.48,35,50,0,2,4.82,87,0
14,72203,12.37,20,32,0,2,4.15,60,1
1,137439,11.89,21,34,0,3,4.41,64,1
5,40643,12.21,15,68,7,0,4.17,87,0
10,114834,12.28,28,85,5,0,4.07,75,1
8,171703,12.6,42,45,0,3,3.72,97,1
5,163670,12.19,29,62,7,2,4.72,99,1
12,83714,12.18,35,42,2,2,4.85,64,1
9,133803,12.71,29,87,4,0,4.03,83,1
14,142084,12.3,35,71,5,2,4.89,77,1
3,126999,11.62,44,37,1,0,4.97,75,0
9,91365,11.74,45,58,4,2,4.56,98,1
10,142513,12.69,34,87,5,2,4.72,93,1
8,47668,12.32,41,32,6,1,4.73,71,0
12,188321,11.78,24,61,7,3,4.03,75,1
11,39084,11.89,38,38,3,3,4.51,74,1
2,86571,11.69,37,88,6,0,4.61,83,0
1,22014,12.2,36,67,4,2,3.85,56,1
11,62993,11.83,27,76,5,0,4.98,84,1
7,70108,12.38,24,58,0,0,3.52,73,0
12,187573,11.64,40,61,7,2,4.66,85,1
8,117356,12.66,17,27,0,2,4.02,88,0
4,121492,12.17,16,79,4,3,3.85,70,1
8,61549,12.27,17,63,4,1,4.0,55,1
2,155273,11.97,17,49,3,3,4.37,85,1
5,47828,12.33,29,74,7,1,3.65,65,1
12,165400,11.89,22,22,7,1,3.85,77,1
3,53231,11.53,34,84,0,1,4.28,55,0
6,61273,12.52,15,35,3,1,3.74,63,0
4,124264,11.8,27,85,0,0,4.02,58,1
1,191186,12.57,44,42,1,3,4.81,55,1
3,95517,12.15,36,79,4,3,3.81,96,1
1,148401,12.2,27,54,5,3,4.3,63,1
6,188362,12.53,34,33,0,2,4.1,51,1
11,25609,11.79,28,39,1,3,4.9,51,1
9,199812,12.62,18,33,0,1,4.85,95,0
13,119099,12.15,23,25,0,0,4.05,57,1
5,22347,11.68,18,64,3,3,4.95,81,0
12,169685,12.64,43,79,6,1,3.5,92,1
14,65545,12.35,33,50,2,0,4.67,59,0
9,191749,12.79,43,50,7,2,4.98,68,1
9,165866,11.6,42,81,5,2,3.77,65,1
12,46568,12.16,21,59,0,0,4.42,78,0
4,103723,12.19,21,69,6,0,4.83,84,0
7,31715,12.13,21,24,5,2,4.12,76,1
5,121981,12.53,35,29,6,1,3.78,54,1
1,65428,11.52,32,72,1,0,4.94,85,0
1,189816,12.21,45,40,3,3,3.65,75,1
14,109131,12.62,30,71,4,1,4.09,91,1
13,122360,12.74,31,28,0,0,4.71,97,0
13,47080,12.59,40,79,7,0,4.74,83,0
8,164674,12.09,31,36,3,2,4.28,68,1
5,35111,12.78,37,27,4,3,3.63,92,1
1,12788,12.54,17,43,0,0,4.26,89,0
10,146214,11.89,25,71,6,2,4.49,77,1
3,164210,12.04,19,27,7,1,3.53,81,1
12,159960,11.88,22,44,0,1,4.5,52,1
1,187051,12.3,28,60,0,1,4.22,99,0
10,39964,11.66,41,21,5,0,4.37,80,1
12,100457,11.67,29,36,7,1,3.84,74,1
8,43714,12.22,40,41,3,1,4.89,93,0
3,103989,11.52,35,51,5,2,4.82,61,1
9,48950,11.83,27,40,5,3,4.62,95,1
7,150643,11.57,36,41,2,0,4.91,78,0
13,90457,11.64,35,71,2,1,3.82,100,1
7,25567,11.95,36,62,4,0,4.62,52,1
15,154109,12.23,43,49,6,3,4.45,86,1
15,93199,12.1,30,20,3,0,4.82,53,0
8,199018,12.02,24,29,4,3,4.72,76,1
11,81865,11.96,27,28,3,3,3.51,75,1
10,146877,12.58,28,33,0,1,4.64,69,1
11,172823,11.69,37,89,7,2,4.99,53,1
15,14596,12.34,24,43,5,2,3.71,87,1
5,7023,11.73,24,57,5,3,3.77,94,1
4,195736,12.26,18,33,2,3,3.66,53,1
8,147077,12.13,44,38,6,3,4.74,98,1
15,142069,11.69,38,49,1,1,3.81,85,1
3,62775,11.99,44,74,0,2,3.85,98,1
11,161123,12.46,25,76,3,1,4.46,66,1
6,39051,12.15,29,34,5,2,4.76,60,1
7,150544,12.74,19,80,1,1,3.75,92,0
1,142469,12.26,20,70,4,2,3.89,95,1
10,99788,12.59,19,68,4,1,4.91,85,0
6,31201,11.6,21,58,1,2,4.16,85,1
6,130736,11.71,42,79,0,2,4.88,74,1
4,159324,11.59,26,49,5,3,3.91,77,1
14,153087,12.77,30,73,6,1,4.77,55,1
12,46800,12.13,38,76,4,3,3.97,76,1
7,129302,11.53,38,39,7,2,4.82,70,1
10,138611,12.52,28,76,4,1,4.97,54,1
3,170593,11.75,31,38,2,0,4.92,61,1
9,142660,11.65,32,87,6,1,3.63,71,1
7,7336,12.18,43,80,1,3,4.58,90,0
7,49629,12.21,16,89,5,1,4.77,59,0
5,131468,12.73,30,76,1,1,4.19,97,0
3,148996,12.47,26,59,5,3,4.03,84,1
3,105158,12.15,21,40,3,1,4.0,95,0
4,167005,11.52,22,33,2,0,4.18,77,1
10,34118,12.22,38,22,7,3,4.31,84,1
6,184635,12.09,41,69,2,2,4.16,60,1
8,76947,12.18,38,60,3,0,4.45,58,0
15,176918,12.69,22,61,3,3,4.34,51,1
7,42711,12.61,17,46,1,2,4.98,82,0
12,94087,11.97,42,67,2,0,4.16,55,1
14,129661,12.61,23,31,2,1,3.98,50,1
15,36852,12.78,35,49,4,1,3.75,87,1
10,31170,11.71,41,88,0,2,4.29,74,1
4,160289,11.6,19,80,3,0,3.94,87,1
2,136717,12.42,26,30,1,2,4.48,58,1
5,51305,12.57,26,49,1,3,4.57,75,0
14,100648,11.81,34,53,0,2,4.18,60,1
9,89246,12.31,36,36,4,3,4.21,64,1
11,194139,12.46,16,85,2,3,3.51,96,1
7,81229,12.61,42,20,7,2,3.92,52,1
4,92960,11.78,29,82,4,2,4.64,95,1
4,53781,12.67,31,58,0,2,3.59,64,1
2,55290,12.68,41,42,2,2,4.08,95,0
6,7659,12.0,44,54,2,1,4.7,69,0
1,144544,12.05,28,45,5,2,3.69,68,1
14,20282,12.57,33,47,3,0,4.94,58,0
11,18947,12.58,42,38,6,3,3.67,87,1
5,187947,11.63,44,28,7,0,4.2,74,1
14,133202,11.6,23,78,5,1,4.4,53,1
12,133775,12.64,43,60,7,2,4.44,65,1
13,79813,12.53,44,31,2,2,4.99,99,0
5,100998,12.36,30,39,4,2,4.23,58,1
13,51403,12.63,16,84,7,0,4.54,89,0
12,142653,12.06,29,34,0,2,4.84,78,1
6,150639,12.73,20,39,0,0,4.46,56,0
12,167331,11.8,26,64,2,1,3.89,73,1
2,16190,12.78,22,57,5,1,3.88,66,1
13,91795,12.29,41,27,2,3,4.2,78,0
13,100074,11.75,17,67,4,3,3.81,62,1
13,59245,12.61,31,81,7,2,4.77,82,1
10,101038,12.54,31,83,5,1,3.94,90,1
9,141535,11.61,23,36,7,0,4.02,88,1
7,73648,11.54,25,38,2,0,4.89,94,0
1,180271,12.05,26,80,4,0,4.41,97,0
1,191470,12.74,19,27,0,2,3.5,79,1
13,71262,11.55,34,37,1,3,4.08,85,1
2,39542,12.04,34,34,0,2,4.12,78,0
9,119889,11.97,25,29,5,1,3.71,58,1
9,111022,12.64,34,89,2,0,4.85,87,0
3,142103,12.79,16,60,5,3,3.94,50,1
7,72534,11.56,35,81,0,2,4.01,72,1
8,43392,11.59,35,73,2,1,4.11,94,0
7,172860,12.62,44,79,3,1,4.08,52,1
12,188467,12.69,45,42,7,2,4.37,85,1
12,181806,12.17,42,56,6,3,3.57,50,1
1,180251,11.94,24,79,1,3,3.51,96,1
15,147810,12.03,31,57,7,0,4.3,97,1
4,96575,12.78,15,50,3,0,3.71,54,0
14,47359,12.77,17,64,3,1,3.56,92,0
11,162489,11.91,43,34,4,1,3.7,86,1
10,13036,12.12,20,87,1,3,4.32,78,0
13,25538,12.75,34,36,4,3,4.01,53,1
5,139308,12.12,27,53,4,1,3.87,72,1
3,117169,12.57,27,70,1,0,4.26,93,0
5,5138,12.23,33,20,3,2,3.71,84,0
13,63478,12.56,18,70,4,0,4.6,67,1
8,79965,12.24,40,38,4,2,4.09,77,1
5,95768,12.42,36,38,6,3,4.39,83,0
11,31421,12.19,26,40,5,2,4.32,54,1
1,137279,11.86,28,31,5,0,4.92,75,1
12,43635,12.48,20,74,1,3,3.93,82,1
14,84063,12.07,41,83,0,2,4.37,100,0
5,118613,12.09,42,70,6,2,4.39,56,1
13,189482,11.76,23,64,0,0,4.77,81,1
8,85018,11.91,17,78,4,0,4.96,80,0
7,56919,12.49,36,62,2,1,4.29,70,0
12,148016,11.86,38,49,0,1,3.51,68,1
2,15503,12.79,22,90,5,2,3.57,85,1
9,145836,12.46,19,32,7,3,4.65,58,1
15,111752,12.6,16,82,7,2,4.23,95,1
14,53511,12.39,45,22,5,3,4.37,81,1
2,164292,11.63,20,35,1,3,3.67,83,1
10,192771,12.42,42,85,1,1,4.1,96,1
15,105859,12.62,17,27,6,1,3.73,76,1
6,106084,12.26,21,84,0,0,3.83,62,0
5,127258,11.97,39,44,5,2,4.83,72,1
14,126929,12.26,22,73,3,3,4.52,63,1
2,109859,11.81,35,43,6,1,4.34,53,1
13,192450,12.51,32,31,6,2,3.93,67,1
8,181481,12.44,23,68,6,0,3.5,78,1
10,55961,11.86,20,69,7,0,4.01,93,1
9,60103,11.91,25,84,2,2,4.35,83,1
12,141643,12.53,29,70,4,2,4.86,97,1
8,125779,12.38,31,77,6,1,4.35,76,0
9,28478,11.51,37,40,2,0,3.77,73,1
12,103826,12.74,29,44,5,0,3.66,68,1
3,199187,12.8,31,67,6,3,4.8,84,1
15,72055,11.77,28,90,0,0,4.12,62,1
4,31654,12.44,23,57,2,1,4.82,82,0
4,81396,12.48,27,53,0,3,4.9,85,0
2,159626,11.91,26,63,4,3,4.57,50,1
4,65948,11.87,17,32,0,0,3.67,59,1
5,67507,11.63,24,65,4,0,4.87,51,1
6,144088,11.66,24,54,0,2,4.11,66,1
12,172093,11.85,43,62,0,3,3.56,75,1
6,180936,11.91,42,35,6,0,4.28,61,1
11,168317,11.52,41,66,5,0,3.68,55,1
7,156519,11.93,39,52,6,1,3.83,61,1
11,191740,12.34,21,70,0,3,4.85,82,1
7,183904,11.88,27,78,3,3,3.6,90,1
13,97769,12.28,27,63,1,3,4.94,58,1
7,147980,12.19,34,69,2,2,4.34,71,1
9,113048,11.79,26,90,1,0,4.43,59,1
11,111956,12.55,22,87,6,2,4.51,92,1
1,169912,12.73,20,73,3,0,4.84,90,0
14,41081,12.4,32,24,3,3,3.85,82,1
2,163117,12.19,29,80,1,0,4.94,55,0
6,49605,12.55,32,65,4,2,3.57,79,1
6,48527,11.77,25,52,0,3,4.99,99,0
11,59110,11.81,20,60,7,3,4.93,97,1
8,78402,12.78,39,30,4,0,4.88,72,0
7,128749,12.31,40,25,3,3,4.69,83,0
1,19122,12.18,16,53,6,3,3.74,57,1
14,41191,11.9,44,84,2,2,4.67,69,1
8,130681,12.5,36,63,0,0,3.51,86,0
12,172849,12.55,35,61,3,3,4.77,57,1
11,163485,12.06,39,86,3,0,3.5,85,1
9,45695,12.79,16,20,7,0,4.64,98,0
3,14171,11.62,44,54,2,0,4.17,75,0
14,135064,12.52,34,72,2,1,4.48,99,0
1,20417,12.64,34,29,2,2,4.63,54,0
10,96328,11.73,16,60,4,3,4.37,60,1
8,51002,12.06,26,45,2,2,3.72,56,1
15,47998,12.73,22,24,4,1,4.67,91,0
4,186646,12.21,27,27,0,3,4.0,88,1
14,196387,12.33,41,87,1,2,4.82,50,1
3,96502,12.55,22,82,4,3,4.54,73,1
8,89995,11.7,39,68,6,0,3.92,72,1
13,153036,12.01,35,81,0,0,4.39,55,1
5,197312,12.77,21,57,4,0,4.16,100,1
6,158390,11.75,26,57,2,2,4.46,90,1
5,158484,12.05,32,49,5,0,4.57,76,0
3,152661,11.66,30,66,5,3,4.98,71,1
5,7708,11.69,30,78,6,2,4.63,81,1
11,166953,12.51,23,30,7,1,4.22,66,1
4,83958,12.43,35,84,6,0,3.76,66,1
9,100102,12.58,22,34,7,2,4.19,50,1
15,70942,11.66,43,76,0,1,4.71,78,0
9,26644,11.78,34,71,4,2,3.68,98,1
12,154359,12.23,37,83,0,0,4.07,64,1
4,55719,12.0,18,37,0,2,4.67,84,0
8,9173,12.41,28,53,4,2,3.85,78,1
3,75533,12.21,31,59,2,0,4.26,76,0
6,104303,11.73,44,38,3,3,3.7,59,1
9,126950,11.9,37,21,7,1,4.51,86,1
8,179598,11.91,37,86,1,3,4.97,100,1
2,58747,12.38,42,31,5,0,3.96,76,0
12,71960,12.72,19,76,3,1,4.41,82,0
14,123639,11.93,36,88,2,1,3.81,88,1
4,51220,12.52,21,33,6,2,4.68,78,0
8,27931,11.86,32,82,1,0,4.97,75,0
14,109092,12.77,16,25,1,0,4.97,90,0
5,115041,12.26,31,68,3,2,3.9,59,1
2,37088,12.46,16,43,1,1,4.95,92,0
7,65710,11.72,29,39,2,0,3.64,93,0
3,31990,12.22,35,53,5,2,4.06,76,1
10,17360,12.42,30,89,0,2,3.91,51,1
13,45387,12.73,40,29,4,2,3.82,100,1
5,104575,12.26,16,49,0,0,4.11,98,0
13,178123,12.72,23,55,2,0,3.83,58,1
13,7093,11.75,20,67,5,0,4.25,76,1
6,83513,11.62,41,44,3,2,3.89,78,1
11,135970,11.51,38,36,2,0,4.51,99,1
4,199028,11.62,31,42,6,3,4.87,82,1
9,26869,11.85,30,53,7,2,4.19,52,1
14,186561,12.28,30,67,6,1,4.83,68,1
4,143682,11.87,38,65,2,1,4.27,76,0
14,169530,12.5,31,25,2,0,4.0,77,1
1,96829,12.62,32,75,2,0,4.12,92,0
11,75843,12.58,22,55,1,3,3.72,64,1
12,78233,12.57,36,30,1,0,3.8,71,1
7,106948,12.11,38,87,3,2,3.92,52,1
14,81709,12.35,15,57,4,3,4.27,98,1
10,118499,12.36,21,86,4,2,4.53,84,1
4,17356,11.51,26,79,2,3,4.33,74,1
5,168900,11.96,34,44,4,2,3.82,81,1
5,96683,12.32,31,77,6,3,4.81,70,1
13,136208,11.6,27,54,6,1,4.28,54,1
10,168926,12.59,37,86,5,0,3.52,58,1
13,98422,12.38,27,51,5,3,3.84,72,1
13,10520,12.46,35,85,4,1,4.68,79,0
6,69925,11.52,25,51,1,2,3.86,59,1
15,48939,11.65,24,47,2,1,3.75,96,1
6,102406,11.8,29,47,7,3,4.98,58,1
15,90280,12.06,33,86,1,3,4.55,50,1
13,166121,12.04,36,20,1,0,4.3,62,1
1,164988,11.65,43,58,7,3,4.54,56,1
13,63692,12.49,17,26,1,0,4.93,50,0
1,41413,12.53,39,22,6,0,4.44,81,0
10,166147,12.65,36,47,0,3,4.63,78,1
9,113117,12.6,33,70,5,0,4.3,78,0
3,185882,12.61,27,34,2,2,3.61,79,1
9,47215,11.52,30,85,7,3,4.82,61,1
15,60480,12.47,29,76,0,0,4.18,62,1
13,95101,12.06,43,86,2,2,4.03,89,1
11,134974,11.98,41,79,3,2,4.49,92,1
11,69925,11.78,44,68,0,3,4.45,83,1
13,180607,12.21,39,55,7,0,4.38,86,1
13,195269,12.54,40,83,3,0,4.08,77,1
9,171782,12.66,43,77,0,3,4.64,52,1
5,86471,12.51,24,81,1,3,4.21,62,0
11,37821,12.0,22,78,0,3,4.4,51,1
14,11859,12.44,25,21,1,3,4.17,72,1
2,12485,12.54,44,57,0,2,4.46,52,0
14,27588,11.92,27,47,4,1,3.92,76,1
4,163598,11.84,21,72,6,2,4.67,72,1
7,173773,12.52,40,52,3,3,3.55,71,1
6,85764,12.64,17,24,3,3,4.79,97,0
6,133216,12.67,41,48,6,3,4.5,67,1
2,86159,11.82,36,57,7,2,5.0,92,1
13,69286,12.54,43,86,4,2,3.86,64,1
13,68344,12.75,25,78,4,2,4.11,79,1
15,99715,12.35,17,57,6,1,4.87,98,0
4,70206,12.59,25,77,2,2,4.44,70,0
13,101393,12.01,18,80,4,2,4.6,51,1
10,38340,12.01,34,67,2,2,4.89,95,0
2,127564,12.32,19,70,4,3,4.24,98,1
10,57691,12.72,28,51,2,0,4.51,67,0
8,183646,12.7,26,24,6,0,4.47,74,1
9,165949,11.86,33,84,7,2,4.4,64,1
8,197917,12.09,29,65,5,1,3.53,97,1
1,79102,11.72,29,31,7,1,4.53,87,0
3,139327,12.74,27,85,4,0,3.92,85,1
6,113106,12.27,22,62,5,3,3.55,89,1
10,141093,12.69,34,74,7,1,4.49,56,1
13,190271,11.76,35,54,2,3,3.82,66,1
15,57446,12.77,22,39,3,2,4.15,61,1
1,40903,12.66,43,38,5,2,4.68,56,1
12,122305,11.8,34,69,5,3,3.65,64,1
5,155611,12.76,44,59,7,3,3.51,72,1
8,95221,12.32,43,75,3,1,3.88,98,0
4,194052,11.89,18,45,5,3,3.72,87,1
15,154335,11.7,37,41,1,2,3.95,77,1
14,146407,11.7,20,29,7,3,3.72,84,1
12,90103,11.73,37,36,0,2,4.98,91,1
9,166206,11.57,38,28,5,0,4.02,67,1
3,59219,12.51,29,34,6,2,3.69,62,1
1,106407,12.66,34,82,3,3,4.53,56,0
9,156599,12.03,37,58,3,2,4.64,89,1
13,128728,12.56,20,79,1,1,4.47,53,1
12,51151,11.98,41,82,5,3,3.78,79,1
3,94499,12.14,36,41,7,0,4.36,57,0
14,161877,11.83,24,22,7,2,4.01,80,1
13,125062,11.94,34,60,6,1,4.28,69,1
7,25862,11.84,27,64,6,1,4.69,69,1
4,97876,11.8,18,20,6,0,3.64,57,1
2,76386,11.55,28,27,2,1,4.68,62,0
7,118892,12.11,39,80,7,2,4.23,67,1
15,188581,12.8,32,32,2,0,4.64,97,0
7,98095,11.79,29,71,1,3,4.25,72,1
4,126757,12.22,34,28,5,2,3.74,84,1
11,18409,11.78,29,31,0,0,3.67,57,1
8,23074,11.73,15,61,5,2,4.63,92,1
15,27800,11.77,40,59,6,3,4.08,99,1
6,161140,12.57,36,68,2,2,4.02,98,1
5,28666,11.88,22,47,2,0,4.48,87,0
12,115529,12.31,19,87,5,1,4.87,85,0
10,136379,12.38,31,79,5,2,3.97,84,1
14,94959,11.91,42,20,1,1,4.99,82,0
15,191827,11.74,30,23,5,3,3.75,96,1
8,8358,11.7,28,44,6,1,3.78,73,1
14,167421,12.36,40,39,7,3,4.37,52,1
8,112524,11.65,41,34,2,3,4.8,93,0
10,84534,12.02,45,69,3,3,4.86,72,1
7,11511,11.85,39,85,5,2,4.01,74,1
4,76088,12.57,35,81,4,0,3.68,64,1
10,70785,11.68,29,65,0,0,4.38,54,1
6,40440,11.56,26,66,6,3,4.37,70,1
12,149098,12.24,37,83,2,3,4.1,74,1
4,38776,11.61,25,80,7,0,3.65,86,1
8,25922,12.77,43,88,0,2,4.39,50,0
8,150083,12.3,25,58,1,0,4.35,77,0
10,122192,11.54,40,75,6,1,3.58,74,1
12,120584,12.1,22,20,0,0,4.37,91,0
5,10454,12.57,20,27,5,2,3.58,75,1
13,144920,12.58,30,64,5,2,3.83,96,1
8,70333,12.49,27,50,4,3,4.9,55,1
5,149341,11.6,37,53,1,2,4.21,69,1
6,112205,12.35,32,37,3,0,4.89,63,0
13,196366,12.04,37,34,2,2,4.91,93,1
3,94424,12.34,34,54,7,1,4.75,89,0
8,67780,12.07,21,69,0,2,4.03,62,1
6,184001,12.2,19,87,7,2,3.54,65,1
14,149771,12.04,42,85,6,2,3.85,73,1
15,181298,11.84,21,64,1,3,3.58,93,1
3,173038,12.33,39,49,1,1,4.3,54,0
5,152878,12.45,25,64,6,0,3.51,95,1
12,57227,12.5,20,51,1,1,3.87,81,0
9,145489,12.24,30,82,2,1,3.51,66,1
4,26438,12.01,23,24,7,1,4.73,84,0
6,88136,12.02,30,30,4,2,4.67,58,1
12,138195,12.36,15,37,0,2,4.91,72,1
10,55258,12.65,19,66,3,3,4.88,74,1
12,39785,11.72,30,44,1,1,4.59,95,0
10,132581,11.63,23,44,5,2,4.4,83,1
10,43346,11.53,35,64,6,2,3.9,51,1
12,183296,12.05,36,35,0,2,4.09,75,1
6,84211,11.91,29,67,1,3,4.05,53,1
7,141949,12.21,41,46,2,2,3.91,56,1
15,121590,12.17,45,31,4,1,3.75,66,1
8,196444,11.61,40,55,3,1,4.01,61,1
5,128805,11.86,28,90,4,3,4.24,86,1
13,74518,12.01,28,71,2,0,4.36,86,0
11,159934,11.7,34,44,5,2,4.04,71,1
2,175948,12.58,44,64,2,2,4.7,92,0
14,88829,11.84,36,71,3,2,3.95,88,1
3,149933,11.81,29,76,3,0,4.32,99,0
2,33164,11.7,44,56,5,1,3.55,93,1
2,125617,12.08,45,26,3,2,3.75,80,1
3,15068,12.63,33,72,7,1,4.15,59,1
2,105667,12.36,30,35,5,2,4.9,92,0
8,138248,11.67,35,23,6,1,4.29,61,1
15,16984,12.66,42,84,6,3,4.67,56,1
2,103071,12.17,33,45,2,3,3.64,60,1
13,45130,11.92,24,46,0,1,4.4,65,1
2,184515,11.5,34,57,3,0,3.53,59,1
12,38065,11.8,27,61,6,0,4.48,94,1
6,91483,12.41,41,60,7,1,3.78,74,1
2,10543,11.66,40,29,7,0,3.89,69,1
7,123843,12.51,33,55,7,1,3.94,80,1
9,141269,12.02,29,31,4,3,3.75,88,1
8,98076,11.59,28,37,7,1,4.7,61,1
6,142207,12.61,27,55,5,1,4.68,85,0
8,73312,11.9,27,55,3,1,4.37,72,0
13,189442,11.61,19,87,4,3,3.69,88,1
15,83533,12.39,31,33,4,2,3.69,64,1
12,161328,12.1,26,24,4,2,4.1,89,1
11,72789,11.65,15,50,2,0,4.33,95,0
6,74590,12.56,27,54,4,0,4.33,74,0
15,156317,12.37,19,20,3,3,3.64,60,1
7,140150,12.77,25,48,5,1,3.6,69,1
14,39754,12.56,40,72,6,0,4.1,78,1
4,12493,12.27,30,70,0,2,4.61,54,0
11,12371,12.24,34,58,3,2,4.25,87,0
11,142900,12.51,27,79,0,1,3.96,96,1
5,197341,11.8,22,61,1,3,3.92,72,1
11,61396,12.2,34,75,2,3,3.66,61,1
15,148326,11.59,25,45,1,2,4.9,83,1
11,178503,12.02,34,61,3,0,4.97,57,1
11,35771,12.45,38,26,2,2,4.2,74,1
12,78369,12.5,26,62,2,0,4.29,73,0
9,96404,12.5,36,73,0,3,4.51,60,1
1,84878,12.09,25,73,0,2,4.69,99,0
12,87666,12.76,40,44,5,0,4.01,85,1
14,41386,12.36,31,86,7,1,4.03,78,1
13,150486,12.09,39,70,5,1,4.42,87,1
7,191584,12.72,36,60,1,1,3.89,97,0
13,16569,12.02,34,52,0,3,4.09,83,1
4,153099,11.77,40,23,0,2,4.39,58,1
13,74922,11.65,38,55,1,3,3.62,76,1
14,197888,12.02,42,48,7,2,3.73,80,1
4,91436,11.6,30,65,1,3,4.38,53,1
14,39069,12.12,26,31,5,3,4.68,56,1
13,78984,11.92,40,25,5,3,3.56,71,1
3,81382,12.79,44,61,0,1,4.71,79,0
11,169744,12.64,26,48,0,2,3.7,64,1
2,158267,11.53,26,73,1,2,3.78,67,1
12,108844,12.68,26,78,6,1,4.16,67,1
4,67320,12.15,38,41,1,3,4.9,91,0
9,60798,12.28,37,35,6,1,3.75,81,1
12,178686,12.12,40,64,5,3,4.74,54,1
10,171964,12.18,24,58,1,2,4.44,96,1
3,51418,12.46,43,54,5,3,4.1,62,1
13,81946,12.65,22,66,3,2,3.59,94,1
8,62174,12.18,17,28,3,1,4.94,56,0
15,177870,11.56,23,41,7,0,4.47,50,1
10,186455,12.59,38,69,3,0,3.69,75,1
14,35063,12.38,18,42,2,1,4.53,92,0
9,174489,12.71,25,47,1,2,3.51,77,1
3,137151,12.03,29,28,7,3,3.54,82,1
4,87733,12.79,30,86,1,3,4.32,73,0
7,89573,12.14,19,44,3,1,4.43,67,0
2,74806,12.7,29,74,2,2,4.99,75,0
14,34709,12.58,26,84,2,2,4.97,72,1
8,110973,11.75,26,74,3,3,4.6,82,0
3,149923,12.55,43,68,4,1,4.84,84,0
8,24023,12.38,44,73,5,3,4.45,84,0
12,13876,11.67,26,74,6,1,4.82,89,1
5,76576,12.03,20,42,2,3,4.6,92,0
7,137447,11.97,25,37,6,2,3.74,88,1
7,39650,12.24,32,66,7,2,4.03,99,1
4,34320,12.47,39,50,4,1,4.27,94,0
13,19678,11.91,36,36,3,0,3.77,99,1
9,105485,12.68,43,57,5,0,3.98,51,1
8,141694,12.25,15,43,2,1,4.57,73,0
13,55210,12.67,18,44,4,0,4.79,92,0
2,148704,11.91,43,38,6,2,4.42,100,1
9,178696,11.93,15,53,7,3,4.69,67,1
2,95456,12.22,20,40,1,1,4.42,97,0
11,89518,12.44,24,49,0,3,4.37,73,1
4,107780,12.56,29,23,6,3,4.5,58,1
10,63755,11.85,29,71,4,2,4.49,64,1
2,172516,12.71,24,80,6,0,4.82,97,0
15,12533,11.57,44,30,2,0,3.71,62,1
4,17940,12.38,24,71,6,1,4.52,72,0
7,195271,12.34,37,48,5,1,4.67,80,0
9,136870,12.76,26,74,0,0,4.51,62,1
10,5731,11.77,20,86,1,2,4.14,69,1
5,117341,12.03,33,81,7,3,4.86,53,1
15,6515,12.67,37,33,0,2,4.93,56,1
14,36186,12.52,30,70,7,1,3.98,68,1
10,112792,11.89,27,26,2,1,4.65,74,1
6,70431,11.63,20,48,5,0,3.58,95,1
8,81106,12.16,33,47,2,2,4.79,63,0
3,120375,11.93,38,78,7,2,4.92,81,1
6,100558,11.67,15,48,6,3,4.52,53,1
3,197898,11.72,22,26,2,0,4.21,87,0
7,156723,11.75,41,61,4,0,3.78,85,1
5,27504,11.9,31,67,4,3,4.74,96,1
14,13802,12.59,45,80,6,2,4.82,73,1
4,183838,12.3,36,89,2,2,4.79,57,1
15,58634,12.32,27,80,7,3,3.52,98,1
13,46984,11.57,29,90,4,2,4.26,74,1
6,88981,12.78,36,21,0,0,4.49,79,0
13,107739,12.05,35,41,2,0,4.73,98,0
11,94360,11.86,37,21,3,0,4.49,79,0
6,34670,12.6,19,39,7,3,4.06,86,1
8,31312,12.04,39,85,0,2,4.87,71,0
6,106025,11.72,20,37,6,0,3.85,50,1
8,110603,12.17,32,46,2,2,4.43,77,0
10,38896,12.47,42,89,5,3,3.85,99,1
10,140639,11.55,27,75,1,1,4.01,86,1
11,42052,12.16,29,37,6,1,3.51,83,1
10,172619,12.79,38,37,1,2,4.63,71,1
10,21576,12.65,31,71,1,2,3.9,75,1
14,109186,11.92,24,70,7,2,3.53,69,1
8,198946,11.5,15,73,0,0,3.85,96,1
7,37574,11.58,42,81,5,0,4.81,69,1
14,164132,12.46,24,84,6,1,3.59,66,1
6,124181,12.38,29,75,5,2,4.45,68,1
9,176947,11.53,32,20,3,0,4.32,86,1
1,21562,12.12,35,72,7,3,4.16,89,1
10,7895,11.65,18,83,2,0,4.73,72,1
7,9011,12.29,26,53,5,0,4.09,63,1
7,106010,12.41,32,31,5,1,4.61,69,0
1,54589,11.65,40,89,2,1,3.83,82,0
7,60830,11.86,21,63,2,1,4.6,85,0
13,95678,12.01,39,88,4,1,4.65,82,0
7,13997,12.0,28,48,1,2,4.44,72,0
13,112041,12.09,23,42,6,2,4.74,80,1
2,8114,11.59,15,80,5,3,4.45,88,1
10,40398,12.57,44,40,5,3,3.7,59,1
3,141873,12.23,26,75,7,0,4.29,76,0
12,197319,12.11,32,77,1,2,3.66,56,1
13,151702,11.76,42,41,7,2,4.36,60,1
10,32160,12.29,25,57,0,0,4.32,95,0
8,124392,11.62,19,76,1,3,4.23,73,1
9,24267,12.7,35,69,7,1,3.81,60,1
5,83518,11.87,24,36,1,1,3.75,86,0
13,83929,11.76,28,68,4,2,3.51,69,1
8,78591,12.25,26,28,4,2,4.25,77,0
5,31870,12.47,34,45,0,1,4.01,77,0
1,126169,12.58,17,85,0,1,4.33,93,0
1,52691,12.56,45,22,2,0,4.77,84,0
8,110315,12.72,21,65,5,3,4.71,50,1
1,20896,12.02,30,35,1,3,4.62,77,0
6,174871,12.12,21,62,1,1,4.39,82,0
10,57344,12.13,45,86,3,3,4.57,60,1
2,185621,12.55,31,31,1,3,4.3,63,1
8,40709,12.08,40,40,3,3,3.5,51,1
10,194518,11.93,31,67,3,1,3.73,95,1
3,143561,12.61,28,35,2,1,4.91,95,0
6,6996,12.67,36,37,3,3,4.72,79,0
5,90042,11.75,30,38,5,3,4.8,92,1
5,22199,11.96,19,30,6,3,4.74,54,1
7,96828,12.2,29,22,4,1,3.82,70,1
8,194304,12.23,22,54,6,1,3.9,59,1
12,5363,11.62,16,60,1,1,3.65,52,1
14,5882,12.13,21,23,1,0,4.56,70,0
6,176128,12.76,19,38,1,3,4.64,83,0
6,34063,11.93,25,82,0,2,3.87,51,1
8,152193,11.93,35,29,4,3,3.89,85,1
13,124243,12.16,30,73,1,0,4.71,93,0
2,79205,12.71,38,26,0,0,4.59,87,0
6,12868,12.12,26,81,1,1,4.33,99,0
6,145183,11.92,38,40,7,1,4.42,88,1
8,194216,12.06,38,76,3,3,4.77,91,0
11,190929,12.16,34,61,7,1,4.37,60,1
7,104041,12.02,22,50,7,2,4.16,70,1
2,83353,11.63,19,54,2,1,4.02,67,1
14,176773,11.91,43,49,3,0,3.65,98,1
11,119881,12.76,18,52,6,0,4.55,53,1
10,147226,12.39,44,38,1,2,3.9,65,1
1,91807,12.04,39,27,1,0,4.32,75,0
14,163901,11.82,43,22,1,3,4.34,61,1
2,163666,12.47,32,21,6,0,4.09,75,1
8,149587,11.66,22,79,0,3,3.74,62,1
5,82129,12.44,23,72,5,1,4.77,56,0
8,130851,12.38,45,34,7,3,4.63,50,1
4,93074,12.4,43,56,6,0,4.18,94,0
13,87928,12.78,22,42,2,3,4.01,53,1
8,167462,11.53,39,63,3,1,4.72,97,0
1,162403,12.16,19,73,3,1,4.43,84,0
5,163177,12.72,27,77,5,2,4.91,53,1
5,87464,11.78,23,70,1,2,4.7,87,0
15,60044,12.02,36,70,1,3,4.93,80,0
2,111471,11.94,37,55,4,2,4.46,67,1
11,141701,11.78,37,23,4,0,3.7,99,1
15,32675,11.8,26,88,1,1,4.05,81,1
10,62104,12.02,41,54,5,1,4.51,75,0
1,76101,12.36,36,23,0,2,4.12,56,1
7,128777,12.71,22,50,6,3,3.97,92,1
2,107326,12.68,42,76,6,0,4.8,53,0
14,20339,12.12,17,68,3,2,3.55,53,1
15,69926,11.79,36,72,3,2,4.73,65,1
5,110364,11.88,32,56,4,2,3.96,67,1
14,189381,12.17,34,71,2,0,3.8,93,1
5,120267,11.99,16,88,6,1,4.19,90,1
13,120140,12.09,24,79,7,2,4.28,50,1
12,115310,12.33,44,68,0,0,4.66,80,0
4,8516,12.72,25,82,2,3,4.34,62,0
14,42879,12.66,43,62,0,3,4.22,59,1
15,152717,12.68,21,77,2,0,4.92,65,1
8,131189,12.16,34,73,0,3,3.89,70,1
2,84557,12.74,33,84,4,2,4.73,84,0
9,185775,11.7,45,74,3,3,3.67,83,1
5,29502,12.43,20,85,2,2,4.52,91,0
10,20123,12.52,41,66,1,2,4.53,68,1
1,36556,12.79,35,90,0,2,4.11,94,0
4,174957,11.67,44,87,7,0,3.84,100,1
8,107413,11.88,24,76,2,3,3.7,79,1
8,157192,11.95,42,28,6,3,4.23,84,1
6,65186,11.94,26,39,0,0,3.84,50,1
10,198631,12.34,42,37,7,1,3.62,77,1
2,101176,12.24,26,73,6,1,4.49,85,0
2,20867,12.1,45,28,2,0,3.87,100,0
3,56588,12.17,44,23,6,3,3.98,77,1
12,142450,11.72,45,42,7,3,3.85,53,1
15,84872,12.47,45,31,1,0,4.57,91,0
6,11523,12.77,32,85,1,2,4.36,66,0
4,81102,12.39,45,53,5,1,4.39,100,0
14,144681,12.59,28,89,1,0,4.19,52,1
3,94941,12.74,17,67,0,2,3.88,51,1
4,122897,11.88,31,71,5,2,4.12,59,1
9,181844,11.98,38,23,7,2,4.13,53,1
9,194607,12.43,17,75,3,0,4.67,53,1
14,71381,11.52,20,36,3,3,3.85,66,1
9,106121,11.51,34,85,3,3,4.54,75,1
6,80118,11.68,17,79,1,3,4.59,69,1
7,16814,11.57,39,72,4,3,4.3,59,1
1,125871,12.06,27,54,2,3,4.0,60,1
14,106190,11.73,24,53,2,3,3.54,94,1
7,104397,11.74,34,76,1,1,4.17,61,1
7,186798,12.71,25,89,4,2,3.66,55,1
6,155145,12.67,34,56,0,3,3.9,99,1
15,162828,11.54,20,56,5,2,3.94,59,1
15,20994,12.4,32,35,5,1,3.72,77,1
2,23316,12.11,41,88,6,3,4.8,94,0
4,78495,12.34,44,77,4,2,3.83,56,1
10,169404,11.67,19,72,6,3,4.57,80,1
3,88848,12.71,36,70,6,3,4.2,78,0
4,137965,12.41,41,40,6,2,4.02,51,1
11,184363,12.57,32,84,6,2,4.31,77,1
7,66720,12.48,34,86,6,2,3.65,93,1
13,104273,11.57,16,53,3,1,4.89,59,1
2,36819,12.02,35,68,6,1,4.87,52,0
10,33036,11.96,43,45,7,0,3.69,65,1
1,74263,12.28,34,66,6,0,4.17,92,0
5,127689,12.37,20,77,5,2,3.71,74,1
11,9551,11.82,35,90,7,1,3.65,100,1
6,56134,11.53,38,39,7,1,4.41,99,0
9,54756,12.21,29,45,1,0,4.59,85,0
4,196349,12.02,21,42,0,3,3.69,87,1
12,75309,11.76,35,48,2,0,4.44,77,0
8,49678,12.4,23,46,1,1,3.96,58,0
5,112648,11.6,24,71,0,1,3.99,55,1
13,169404,12.52,40,21,3,1,4.62,88,0
8,14583,11.89,15,20,4,3,4.93,90,1
15,9141,12.51,38,83,3,0,4.87,50,0
8,64902,12.7,38,47,3,3,3.81,66,1
3,133949,12.66,29,30,0,2,4.24,53,1
11,158412,12.03,24,60,1,1,4.35,88,0
3,105400,12.66,19,67,6,1,4.86,56,0
4,66715,12.09,18,51,3,0,3.95,84,0
14,39808,12.25,30,77,2,0,3.66,100,0
6,156255,12.34,34,72,3,3,3.63,67,1
2,186711,12.35,36,85,4,3,4.52,88,1
15,26301,11.72,31,79,6,2,4.75,63,1
1,185324,11.74,30,33,2,0,4.98,88,0
10,105846,12.65,16,60,2,2,4.87,65,1
4,91155,12.14,28,31,2,0,4.64,91,0
10,32818,11.73,27,28,0,0,4.21,67,1
9,37317,12.69,43,44,6,1,4.58,78,0
15,74468,11.89,32,76,0,3,4.85,60,1
14,31498,12.03,44,83,5,0,4.37,69,1
10,107511,12.8,20,87,6,1,4.52,86,0
8,34483,12.5,19,88,6,0,4.95,81,0
1,26058,11.63,26,48,2,1,4.07,79,0
9,11041,12.02,17,65,3,0,4.56,88,0
12,171562,12.57,23,21,4,1,3.58,80,1
12,33718,12.71,32,88,1,1,4.56,92,0
15,47968,12.48,44,90,6,1,4.37,52,1
13,178570,12.12,44,43,4,1,4.69,98,1
10,48723,12.03,16,30,6,1,4.13,70,1
4,43445,12.34,35,78,5,1,4.02,79,0
8,80361,11.71,23,39,7,0,4.5,60,1
15,74959,12.4,41,59,7,1,4.15,68,1
2,77361,12.48,42,60,0,2,4.82,82,0
15,79255,12.56,40,31,7,0,4.16,54,1
1,174241,12.28,29,32,3,0,4.31,82,0
11,148377,11.77,44,45,7,0,4.99,75,1
1,197385,12.69,28,69,5,1,4.58,76,0
9,149347,11.75,37,81,4,1,4.87,71,1
6,55713,12.19,17,33,5,2,3.69,56,1
8,112441,12.71,35,29,4,2,3.83,64,1
4,96009,12.61,16,70,1,1,3.69,52,0
15,136049,12.78,20,67,7,0,4.57,67,1
7,182523,12.75,17,30,0,1,4.22,50,0
11,88996,12.66,27,60,1,0,3.87,97,0
8,194845,12.45,37,77,5,0,3.86,64,1
12,50406,11.8,25,68,7,3,4.01,51,1
8,55390,12.8,45,45,4,2,4.48,74,1
1,104764,12.31,40,37,0,1,4.65,50,0
5,42146,12.73,20,63,3,3,4.85,89,0
10,137851,11.78,21,85,7,1,4.71,79,1
5,120080,12.72,19,85,7,2,4.36,79,1
14,10796,12.78,42,50,2,2,3.89,89,1
9,132514,12.71,21,40,1,0,4.93,70,1
13,100251,12.15,20,39,1,0,4.25,81,0
10,5453,11.92,17,20,2,0,4.81,61,1
9,98789,11.59,36,76,6,1,4.73,69,1
15,8543,12.46,15,69,3,3,4.72,61,1
13,62196,11.5,39,65,7,3,4.65,97,1
15,108399,12.44,32,79,2,3,4.68,85,0
1,184006,11.86,30,60,1,3,4.7,67,1
7,165259,12.27,42,74,7,2,3.74,67,1
13,82462,12.61,29,68,0,0,3.79,72,1
9,163698,12.74,28,39,5,2,4.7,62,1
2,78366,11.94,15,37,0,0,4.9,66,0
3,99533,12.53,19,53,3,0,3.66,59,0
8,10972,11.64,30,80,4,1,3.96,65,1
7,112791,12.64,30,59,5,3,3.95,70,1
2,111410,11.99,31,51,0,1,4.19,69,1
9,104976,12.42,43,57,2,3,4.66,82,0
7,75400,12.73,27,66,6,0,4.78,63,0
10,41021,11.74,45,50,7,2,4.86,91,1
1,185109,12.14,40,43,4,2,4.96,74,1
11,36007,11.55,28,37,4,1,4.24,84,1
8,145179,12.45,36,49,4,3,3.51,60,1
15,180599,12.28,44,38,3,2,3.93,86,1
5,105814,12.64,25,45,3,1,4.43,53,0
6,118457,11.65,41,47,7,1,3.66,78,1
11,82028,12.48,44,69,5,1,4.11,58,1
3,83218,12.25,26,86,4,2,3.59,77,1
11,5294,11.76,24,62,6,2,4.5,70,1
12,79099,11.89,32,42,4,0,3.88,63,1
8,37376,12.78,19,40,1,1,3.58,100,0
1,25991,11.98,45,25,5,1,4.34,85,0
12,136841,12.44,43,26,5,3,4.08,79,1
1,47399,12.52,33,25,2,1,3.64,73,0
6,137385,12.8,29,43,0,1,4.76,92,0
12,114543,12.41,37,53,2,1,3.89,78,0
10,58019,12.13,28,43,7,1,4.83,57,1
4,12642,12.71,15,68,1,1,4.28,96,0
10,190784,12.51,21,59,3,2,4.05,77,1
15,145749,11.73,20,23,1,1,4.03,74,1
7,116259,11.51,26,39,2,3,4.03,89,1
